rid;date;error;url;jhi_user;additional_info
7c71d9a4-fa02-4561-afd8-138ab5964572;2024-04-22T07:04:09;promenade merry;https://hefty-soulmate.com;eek den mesmerise;ack
49e16432-1db8-4fe4-a5f9-5539f7e0cfb4;2024-04-22T14:04:29;glittering on;https://blaring-faith.org;yahoo until recent;agony
b027d859-5d9e-4837-a1e0-73cf44068251;2024-04-22T01:30:32;debilitate;https://these-trolley.com;in;damp negative carelessly
3b21ab24-d550-4973-b44a-158cf8bde5c3;2024-04-21T18:56:13;stonework statistics;https://creamy-commission.net;natural per piercing;boo
5b219257-9d44-4260-bdca-219f2ce8d1a6;2024-04-22T03:43:51;deepen athwart;https://scented-click.org;thankful pish pish;safely duh
710be61f-2066-4f7a-b07f-ab9dff3d9812;2024-04-22T14:53:46;quarterly till;https://loving-gemsbok.net/;apologise heartfelt modulo;once downsize out
33ad7001-4b86-4aa4-9060-2a81ebb57c6c;2024-04-21T16:27:26;caviar guestbook;https://educated-door.name/;suddenly;provided
72fc3654-65d3-48ec-9f64-9d47f3c46230;2024-04-22T09:25:03;feisty tiny;https://critical-blog.biz;zowie copywriter failing;furiously bah smooth
13899930-8cd6-45f6-82ff-a280caa68f88;2024-04-22T09:58:35;scallop cautiously orbit;https://slippery-observation.info/;percolate after;disengage lively how
62d40b6e-ff7a-44e3-b4d3-14bcbadf331a;2024-04-21T16:21:07;scarcely befall till;https://bland-chin.name;harmful;distorted vary meanwhile
